[
  {
    "alpha2": "AG",
    "alpha3": "ATG",
    "name": "Antigua and Barbuda",
    "numeric": "028",
    "region": "Americas",
    "subregion": "Caribbean"
  },
  {
    "alpha2": "BT",
    "alpha3": "BTN",
    "name": "Bhutan",
    "numeric": "064",
    "region": "Asia",
    "subregion": "Southern Asia"
  },
  {
    "alpha2": "IT",
    "alpha3": "ITA",
    "name": "Italy",
    "numeric": "380",
    "region": "Europe",
    "subregion": "Southern Europe"
  },
  {
    "alpha2": "TV",
    "alpha3": "TUV",
    "name": "Tuvalu",
    "numeric": "798",
    "region": "Oceania",
    "subregion": "Polynesia"
  },
  {
    "alpha2": "AI",
    "alpha3": "AIA",
    "name": "Anguilla",
    "numeric": "660",
    "region": "Americas",
    "subregion": "Caribbean"
  },
  {
    "alpha2": "AU",
    "alpha3": "AUS",
    "name": "Australia",
    "numeric": "036",
    "region": "Oceania",
    "subregion": "Australia and New Zealand"
  },
  {
    "alpha2": "BZ",
    "alpha3": "BLZ",
    "name": "Belize",
    "numeric": "084",
    "region": "Americas",
    "subregion": "Central America"
  },
  {
    "alpha2": "VU",
    "alpha3": "VUT",
    "name": "Vanuatu",
    "numeric": "548",
    "region": "Oceania",
    "subregion": "Melanesia"
  },
  {
    "alpha2": "BY",
    "alpha3": "BLR",
    "name": "Belarus",
    "numeric": "112",
    "region": "Europe",
    "subregion": "Eastern Europe"
  },
  {
    "alpha2": "MU",
    "alpha3": "MUS",
    "name": "Mauritius",
    "numeric": "480",
    "region": "Africa",
    "subregion": "Eastern Africa"
  },
  {
    "alpha2": "LA",
    "alpha3": "LAO",
    "name": "Laos",
    "numeric": "418",
    "region": "Asia",
    "subregion": "South-Eastern Asia"
  },
  {
    "alpha2": "SN",
    "alpha3": "SEN",
    "name": "Senegal",
    "numeric": "686",
    "region": "Africa",
    "subregion": "Western Africa"
  },
  {
    "alpha2": "TR",
    "alpha3": "TUR",
    "name": "Turkey",
    "numeric": "792",
    "region": "Asia",
    "subregion": "Western Asia"
  },
  {
    "alpha2": "BO",
    "alpha3": "BOL",
    "name": "Bolivia",
    "numeric": "068",
    "region": "Americas",
    "subregion": "South America"
  },
  {
    "alpha2": "LK",
    "alpha3": "LKA",
    "name": "Sri Lanka",
    "numeric": "144",
    "region": "Asia",
    "subregion": "Southern Asia"
  },
  {
    "alpha2": "NF",
    "alpha3": "NFK",
    "name": "Norfolk Island",
    "numeric": "574",
    "region": "Oceania",
    "subregion": "Australia and New Zealand"
  },
  {
    "alpha2": "CN",
    "alpha3": "CHN",
    "name": "China",
    "numeric": "156",
    "region": "Asia",
    "subregion": "Eastern Asia"
  },
  {
    "alpha2": "BQ",
    "alpha3": "BES",
    "name": "Caribbean Netherlands",
    "numeric": "535",
    "region": "Americas",
    "subregion": "Caribbean"
  },
  {
    "alpha2": "GG",
    "alpha3": "GGY",
    "name": "Guernsey",
    "numeric": "831",
    "region": "Europe",
    "subregion": "Northern Europe"
  },
  {
    "alpha2": "SD",
    "alpha3": "SDN",
    "name": "Sudan",
    "numeric": "729",
    "region": "Africa",
    "subregion": "Northern Africa"
  },
  {
    "alpha2": "YT",
    "alpha3": "MYT",
    "name": "Mayotte",
    "numeric": "175",
    "region": "Africa",
    "subregion": "Eastern Africa"
  },
  {
    "alpha2": "BL",
    "alpha3": "BLM",
    "name": "Saint Barthélemy",
    "numeric": "652",
    "region": "Americas",
    "subregion": "Caribbean"
  },
  {
    "alpha2": "VA",
    "alpha3": "VAT",
    "name": "Vatican City",
    "numeric": "336",
    "region": "Europe",
    "subregion": "Southern Europe"
  },
  {
    "alpha2": "TC",
    "alpha3": "TCA",
    "name": "Turks and Caicos Islands",
    "numeric": "796",
    "region": "Americas",
    "subregion": "Caribbean"
  },
  {
    "alpha2": "CW",
    "alpha3": "CUW",
    "name": "Curaçao",
    "numeric": "531",
    "region": "Americas",
    "subregion": "Caribbean"
  },
  {
    "alpha2": "BW",
    "alpha3": "BWA",
    "name": "Botswana",
    "numeric": "072",
    "region": "Africa",
    "subregion": "Southern Africa"
  },
  {
    "alpha2": "BJ",
    "alpha3": "BEN",
    "name": "Benin",
    "numeric": "204",
    "region": "Africa",
    "subregion": "Western Africa"
  },
  {
    "alpha2": "LT",
    "alpha3": "LTU",
    "name": "Lithuania",
    "numeric": "440",
    "region": "Europe",
    "subregion": "Northern Europe"
  },
  {
    "alpha2": "MS",
    "alpha3": "MSR",
    "name": "Montserrat",
    "numeric": "500",
    "region": "Americas",
    "subregion": "Caribbean"
  },
  {
    "alpha2": "VG",
    "alpha3": "VGB",
    "name": "British Virgin Islands",
    "numeric": "092",
    "region": "Americas",
    "subregion": "Caribbean"
  },
  {
    "alpha2": "BI",
    "alpha3": "BDI",
    "name": "Burundi",
    "numeric": "108",
    "region": "Africa",
    "subregion": "Eastern Africa"
  },
  {
    "alpha2": "UM",
    "alpha3": "UMI",
    "name": "United States Minor Outlying Islands",
    "numeric": "581",
    "region": "Americas",
    "subregion": "North America"
  },
  {
    "alpha2": "IE",
    "alpha3": "IRL",
    "name": "Ireland",
    "numeric": "372",
    "region": "Europe",
    "subregion": "Northern Europe"
  },
  {
    "alpha2": "SB",
    "alpha3": "SLB",
    "name": "Solomon Islands",
    "numeric": "090",
    "region": "Oceania",
    "subregion": "Melanesia"
  },
  {
    "alpha2": "BM",
    "alpha3": "BMU",
    "name": "Bermuda",
    "numeric": "060",
    "region": "Americas",
    "subregion": "North America"
  },
  {
    "alpha2": "FI",
    "alpha3": "FIN",
    "name": "Finland",
    "numeric": "246",
    "region": "Europe",
    "subregion": "Northern Europe"
  },
  {
    "alpha2": "PE",
    "alpha3": "PER",
    "name": "Peru",
    "numeric": "604",
    "region": "Americas",
    "subregion": "South America"
  },
  {
    "alpha2": "BD",
    "alpha3": "BGD",
    "name": "Bangladesh",
    "numeric": "050",
    "region": "Asia",
    "subregion": "Southern Asia"
  },
  {
    "alpha2": "DK",
    "alpha3": "DNK",
    "name": "Denmark",
    "numeric": "208",
    "region": "Europe",
    "subregion": "Northern Europe"
  },
  {
    "alpha2": "VC",
    "alpha3": "VCT",
    "name": "Saint Vincent and the Grenadines",
    "numeric": "670",
    "region": "Americas",
    "subregion": "Caribbean"
  },
  {
    "alpha2": "DO",
    "alpha3": "DOM",
    "name": "Dominican Republic",
    "numeric": "214",
    "region": "Americas",
    "subregion": "Caribbean"
  },
  {
    "alpha2": "MD",
    "alpha3": "MDA",
    "name": "Moldova",
    "numeric": "498",
    "region": "Europe",
    "subregion": "Eastern Europe"
  },
  {
    "alpha2": "BG",
    "alpha3": "BGR",
    "name": "Bulgaria",
    "numeric": "100",
    "region": "Europe",
    "subregion": "Southeast Europe"
  },
  {
    "alpha2": "CR",
    "alpha3": "CRI",
    "name": "Costa Rica",
    "numeric": "188",
    "region": "Americas",
    "subregion": "Central America"
  },
  {
    "alpha2": "NA",
    "alpha3": "NAM",
    "name": "Namibia",
    "numeric": "516",
    "region": "Africa",
    "subregion": "Southern Africa"
  },
  {
    "alpha2": "SJ",
    "alpha3": "SJM",
    "name": "Svalbard and Jan Mayen",
    "numeric": "744",
    "region": "Europe",
    "subregion": "Northern Europe"
  },
  {
    "alpha2": "LU",
    "alpha3": "LUX",
    "name": "Luxembourg",
    "numeric": "442",
    "region": "Europe",
    "subregion": "Western Europe"
  },
  {
    "alpha2": "RU",
    "alpha3": "RUS",
    "name": "Russia",
    "numeric": "643",
    "region": "Europe",
    "subregion": "Eastern Europe"
  },
  {
    "alpha2": "AE",
    "alpha3": "ARE",
    "name": "United Arab Emirates",
    "numeric": "784",
    "region": "Asia",
    "subregion": "Western Asia"
  },
  {
    "alpha2": "SX",
    "alpha3": "SXM",
    "name": "Sint Maarten",
    "numeric": "534",
    "region": "Americas",
    "subregion": "Caribbean"
  },
  {
    "alpha2": "BS",
    "alpha3": "BHS",
    "name": "Bahamas",
    "numeric": "044",
    "region": "Americas",
    "subregion": "Caribbean"
  },
  {
    "alpha2": "JP",
    "alpha3": "JPN",
    "name": "Japan",
    "numeric": "392",
    "region": "Asia",
    "subregion": "Eastern Asia"
  },
  {
    "alpha2": "NG",
    "alpha3": "NGA",
    "name": "Nigeria",
    "numeric": "566",
    "region": "Africa",
    "subregion": "Western Africa"
  },
  {
    "alpha2": "GH",
    "alpha3": "GHA",
    "name": "Ghana",
    "numeric": "288",
    "region": "Africa",
    "subregion": "Western Africa"
  },
  {
    "alpha2": "SL",
    "alpha3": "SLE",
    "name": "Sierra Leone",
    "numeric": "694",
    "region": "Africa",
    "subregion": "Western Africa"
  },
  {
    "alpha2": "PM",
    "alpha3": "SPM",
    "name": "Saint Pierre and Miquelon",
    "numeric": "666",
    "region": "Americas",
    "subregion": "North America"
  },
  {
    "alpha2": "AL",
    "alpha3": "ALB",
    "name": "Albania",
    "numeric": "008",
    "region": "Europe",
    "subregion": "Southeast Europe"
  },
  {
    "alpha2": "TK",
    "alpha3": "TKL",
    "name": "Tokelau",
    "numeric": "772",
    "region": "Oceania",
    "subregion": "Polynesia"
  },
  {
    "alpha2": "SH",
    "alpha3": "SHN",
    "name": "Saint Helena, Ascension and Tristan da Cunha",
    "numeric": "654",
    "region": "Africa",
    "subregion": "Western Africa"
  },
  {
    "alpha2": "TO",
    "alpha3": "TON",
    "name": "Tonga",
    "numeric": "776",
    "region": "Oceania",
    "subregion": "Polynesia"
  },
  {
    "alpha2": "TM",
    "alpha3": "TKM",
    "name": "Turkmenistan",
    "numeric": "795",
    "region": "Asia",
    "subregion": "Central Asia"
  },
  {
    "alpha2": "DJ",
    "alpha3": "DJI",
    "name": "Djibouti",
    "numeric": "262",
    "region": "Africa",
    "subregion": "Eastern Africa"
  },
  {
    "alpha2": "CF",
    "alpha3": "CAF",
    "name": "Central African Republic",
    "numeric": "140",
    "region": "Africa",
    "subregion": "Middle Africa"
  },
  {
    "alpha2": "LB",
    "alpha3": "LBN",
    "name": "Lebanon",
    "numeric": "422",
    "region": "Asia",
    "subregion": "Western Asia"
  },
  {
    "alpha2": "LV",
    "alpha3": "LVA",
    "name": "Latvia",
    "numeric": "428",
    "region": "Europe",
    "subregion": "Northern Europe"
  },
  {
    "alpha2": "CC",
    "alpha3": "CCK",
    "name": "Cocos (Keeling) Islands",
    "numeric": "166",
    "region": "Oceania",
    "subregion": "Australia and New Zealand"
  },
  {
    "alpha2": "GM",
    "alpha3": "GMB",
    "name": "Gambia",
    "numeric": "270",
    "region": "Africa",
    "subregion": "Western Africa"
  },
  {
    "alpha2": "HN",
    "alpha3": "HND",
    "name": "Honduras",
    "numeric": "340",
    "region": "Americas",
    "subregion": "Central America"
  },
  {
    "alpha2": "NU",
    "alpha3": "NIU",
    "name": "Niue",
    "numeric": "570",
    "region": "Oceania",
    "subregion": "Polynesia"
  },
  {
    "alpha2": "MR",
    "alpha3": "MRT",
    "name": "Mauritania",
    "numeric": "478",
    "region": "Africa",
    "subregion": "Western Africa"
  },
  {
    "alpha2": "XK",
    "alpha3": "UNK",
    "name": "Kosovo",
    "numeric": "",
    "region": "Europe",
    "subregion": "Southeast Europe"
  },
  {
    "alpha2": "WF",
    "alpha3": "WLF",
    "name": "Wallis and Futuna",
    "numeric": "876",
    "region": "Oceania",
    "subregion": "Polynesia"
  },
  {
    "alpha2": "GS",
    "alpha3": "SGS",
    "name": "South Georgia",
    "numeric": "239",
    "region": "Antarctic",
    "subregion": ""
  },
  {
    "alpha2": "PF",
    "alpha3": "PYF",
    "name": "French Polynesia",
    "numeric": "258",
    "region": "Oceania",
    "subregion": "Polynesia"
  },
  {
    "alpha2": "TG",
    "alpha3": "TGO",
    "name": "Togo",
    "numeric": "768",
    "region": "Africa",
    "subregion": "Western Africa"
  },
  {
    "alpha2": "BE",
    "alpha3": "BEL",
    "name": "Belgium",
    "numeric": "056",
    "region": "Europe",
    "subregion": "Western Europe"
  },
  {
    "alpha2": "ZM",
    "alpha3": "ZMB",
    "name": "Zambia",
    "numeric": "894",
    "region": "Africa",
    "subregion": "Eastern Africa"
  },
  {
    "alpha2": "KY",
    "alpha3": "CYM",
    "name": "Cayman Islands",
    "numeric": "136",
    "region": "Americas",
    "subregion": "Caribbean"
  },
  {
    "alpha2": "PN",
    "alpha3": "PCN",
    "name": "Pitcairn Islands",
    "numeric": "612",
    "region": "Oceania",
    "subregion": "Polynesia"
  },
  {
    "alpha2": "CK",
    "alpha3": "COK",
    "name": "Cook Islands",
    "numeric": "184",
    "region": "Oceania",
    "subregion": "Polynesia"
  },
  {
    "alpha2": "MG",
    "alpha3": "MDG",
    "name": "Madagascar",
    "numeric": "450",
    "region": "Africa",
    "subregion": "Eastern Africa"
  },
  {
    "alpha2": "ME",
    "alpha3": "MNE",
    "name": "Montenegro",
    "numeric": "499",
    "region": "Europe",
    "subregion": "Southeast Europe"
  },
  {
    "alpha2": "KR",
    "alpha3": "KOR",
    "name": "South Korea",
    "numeric": "410",
    "region": "Asia",
    "subregion": "Eastern Asia"
  },
  {
    "alpha2": "ET",
    "alpha3": "ETH",
    "name": "Ethiopia",
    "numeric": "231",
    "region": "Africa",
    "subregion": "Eastern Africa"
  },
  {
    "alpha2": "MN",
    "alpha3": "MNG",
    "name": "Mongolia",
    "numeric": "496",
    "region": "Asia",
    "subregion": "Eastern Asia"
  },
  {
    "alpha2": "SK",
    "alpha3": "SVK",
    "name": "Slovakia",
    "numeric": "703",
    "region": "Europe",
    "subregion": "Central Europe"
  },
  {
    "alpha2": "CU",
    "alpha3": "CUB",
    "name": "Cuba",
    "numeric": "192",
    "region": "Americas",
    "subregion": "Caribbean"
  },
  {
    "alpha2": "AQ",
    "alpha3": "ATA",
    "name": "Antarctica",
    "numeric": "010",
    "region": "Antarctic",
    "subregion": ""
  },
  {
    "alpha2": "GT",
    "alpha3": "GTM",
    "name": "Guatemala",
    "numeric": "320",
    "region": "Americas",
    "subregion": "Central America"
  },
  {
    "alpha2": "GF",
    "alpha3": "GUF",
    "name": "French Guiana",
    "numeric": "254",
    "region": "Americas",
    "subregion": "South America"
  },
  {
    "alpha2": "NO",
    "alpha3": "NOR",
    "name": "Norway",
    "numeric": "578",
    "region": "Europe",
    "subregion": "Northern Europe"
  },
  {
    "alpha2": "GD",
    "alpha3": "GRD",
    "name": "Grenada",
    "numeric": "308",
    "region": "Americas",
    "subregion": "Caribbean"
  },
  {
    "alpha2": "RE",
    "alpha3": "REU",
    "name": "Réunion",
    "numeric": "638",
    "region": "Africa",
    "subregion": "Eastern Africa"
  },
  {
    "alpha2": "CL",
    "alpha3": "CHL",
    "name": "Chile",
    "numeric": "152",
    "region": "Americas",
    "subregion": "South America"
  },
  {
    "alpha2": "CO",
    "alpha3": "COL",
    "name": "Colombia",
    "numeric": "170",
    "region": "Americas",
    "subregion": "South America"
  },
  {
    "alpha2": "SA",
    "alpha3": "SAU",
    "name": "Saudi Arabia",
    "numeric": "682",
    "region": "Asia",
    "subregion": "Western Asia"
  },
  {
    "alpha2": "IL",
    "alpha3": "ISR",
    "name": "Israel",
    "numeric": "376",
    "region": "Asia",
    "subregion": "Western Asia"
  },
  {
    "alpha2": "DE",
    "alpha3": "DEU",
    "name": "Germany",
    "numeric": "276",
    "region": "Europe",
    "subregion": "Western Europe"
  },
  {
    "alpha2": "NZ",
    "alpha3": "NZL",
    "name": "New Zealand",
    "numeric": "554",
    "region": "Oceania",
    "subregion": "Australia and New Zealand"
  },
  {
    "alpha2": "GL",
    "alpha3": "GRL",
    "name": "Greenland",
    "numeric": "304",
    "region": "Americas",
    "subregion": "North America"
  },
  {
    "alpha2": "KG",
    "alpha3": "KGZ",
    "name": "Kyrgyzstan",
    "numeric": "417",
    "region": "Asia",
    "subregion": "Central Asia"
  },
  {
    "alpha2": "SV",
    "alpha3": "SLV",
    "name": "El Salvador",
    "numeric": "222",
    "region": "Americas",
    "subregion": "Central America"
  },
  {
    "alpha2": "FO",
    "alpha3": "FRO",
    "name": "Faroe Islands",
    "numeric": "234",
    "region": "Europe",
    "subregion": "Northern Europe"
  },
  {
    "alpha2": "PW",
    "alpha3": "PLW",
    "name": "Palau",
    "numeric": "585",
    "region": "Oceania",
    "subregion": "Micronesia"
  },
  {
    "alpha2": "MT",
    "alpha3": "MLT",
    "name": "Malta",
    "numeric": "470",
    "region": "Europe",
    "subregion": "Southern Europe"
  },
  {
    "alpha2": "SY",
    "alpha3": "SYR",
    "name": "Syria",
    "numeric": "760",
    "region": "Asia",
    "subregion": "Western Asia"
  },
  {
    "alpha2": "TL",
    "alpha3": "TLS",
    "name": "Timor-Leste",
    "numeric": "626",
    "region": "Asia",
    "subregion": "South-Eastern Asia"
  },
  {
    "alpha2": "HR",
    "alpha3": "HRV",
    "name": "Croatia",
    "numeric": "191",
    "region": "Europe",
    "subregion": "Southeast Europe"
  },
  {
    "alpha2": "PG",
    "alpha3": "PNG",
    "name": "Papua New Guinea",
    "numeric": "598",
    "region": "Oceania",
    "subregion": "Melanesia"
  },
  {
    "alpha2": "NL",
    "alpha3": "NLD",
    "name": "Netherlands",
    "numeric": "528",
    "region": "Europe",
    "subregion": "Western Europe"
  },
  {
    "alpha2": "LR",
    "alpha3": "LBR",
    "name": "Liberia",
    "numeric": "430",
    "region": "Africa",
    "subregion": "Western Africa"
  },
  {
    "alpha2": "SO",
    "alpha3": "SOM",
    "name": "Somalia",
    "numeric": "706",
    "region": "Africa",
    "subregion": "Eastern Africa"
  },
  {
    "alpha2": "VE",
    "alpha3": "VEN",
    "name": "Venezuela",
    "numeric": "862",
    "region": "Americas",
    "subregion": "South America"
  },
  {
    "alpha2": "HT",
    "alpha3": "HTI",
    "name": "Haiti",
    "numeric": "332",
    "region": "Americas",
    "subregion": "Caribbean"
  },
  {
    "alpha2": "DZ",
    "alpha3": "DZA",
    "name": "Algeria",
    "numeric": "012",
    "region": "Africa",
    "subregion": "Northern Africa"
  },
  {
    "alpha2": "MP",
    "alpha3": "MNP",
    "name": "Northern Mariana Islands",
    "numeric": "580",
    "region": "Oceania",
    "subregion": "Micronesia"
  },
  {
    "alpha2": "MF",
    "alpha3": "MAF",
    "name": "Saint Martin",
    "numeric": "663",
    "region": "Americas",
    "subregion": "Caribbean"
  },
  {
    "alpha2": "HM",
    "alpha3": "HMD",
    "name": "Heard Island and McDonald Islands",
    "numeric": "334",
    "region": "Antarctic",
    "subregion": ""
  },
  {
    "alpha2": "AW",
    "alpha3": "ABW",
    "name": "Aruba",
    "numeric": "533",
    "region": "Americas",
    "subregion": "Caribbean"
  },
  {
    "alpha2": "EG",
    "alpha3": "EGY",
    "name": "Egypt",
    "numeric": "818",
    "region": "Africa",
    "subregion": "Northern Africa"
  },
  {
    "alpha2": "MW",
    "alpha3": "MWI",
    "name": "Malawi",
    "numeric": "454",
    "region": "Africa",
    "subregion": "Eastern Africa"
  },
  {
    "alpha2": "GQ",
    "alpha3": "GNQ",
    "name": "Equatorial Guinea",
    "numeric": "226",
    "region": "Africa",
    "subregion": "Middle Africa"
  },
  {
    "alpha2": "VI",
    "alpha3": "VIR",
    "name": "United States Virgin Islands",
    "numeric": "850",
    "region": "Americas",
    "subregion": "Caribbean"
  },
  {
    "alpha2": "EC",
    "alpha3": "ECU",
    "name": "Ecuador",
    "numeric": "218",
    "region": "Americas",
    "subregion": "South America"
  },
  {
    "alpha2": "UZ",
    "alpha3": "UZB",
    "name": "Uzbekistan",
    "numeric": "860",
    "region": "Asia",
    "subregion": "Central Asia"
  },
  {
    "alpha2": "GA",
    "alpha3": "GAB",
    "name": "Gabon",
    "numeric": "266",
    "region": "Africa",
    "subregion": "Middle Africa"
  },
  {
    "alpha2": "SS",
    "alpha3": "SSD",
    "name": "South Sudan",
    "numeric": "728",
    "region": "Africa",
    "subregion": "Middle Africa"
  },
  {
    "alpha2": "IR",
    "alpha3": "IRN",
    "name": "Iran",
    "numeric": "364",
    "region": "Asia",
    "subregion": "Southern Asia"
  },
  {
    "alpha2": "KZ",
    "alpha3": "KAZ",
    "name": "Kazakhstan",
    "numeric": "398",
    "region": "Asia",
    "subregion": "Central Asia"
  },
  {
    "alpha2": "NI",
    "alpha3": "NIC",
    "name": "Nicaragua",
    "numeric": "558",
    "region": "Americas",
    "subregion": "Central America"
  },
  {
    "alpha2": "IS",
    "alpha3": "ISL",
    "name": "Iceland",
    "numeric": "352",
    "region": "Europe",
    "subregion": "Northern Europe"
  },
  {
    "alpha2": "SI",
    "alpha3": "SVN",
    "name": "Slovenia",
    "numeric": "705",
    "region": "Europe",
    "subregion": "Central Europe"
  },
  {
    "alpha2": "GP",
    "alpha3": "GLP",
    "name": "Guadeloupe",
    "numeric": "312",
    "region": "Americas",
    "subregion": "Caribbean"
  },
  {
    "alpha2": "CM",
    "alpha3": "CMR",
    "name": "Cameroon",
    "numeric": "120",
    "region": "Africa",
    "subregion": "Middle Africa"
  },
  {
    "alpha2": "AR",
    "alpha3": "ARG",
    "name": "Argentina",
    "numeric": "032",
    "region": "Americas",
    "subregion": "South America"
  },
  {
    "alpha2": "AZ",
    "alpha3": "AZE",
    "name": "Azerbaijan",
    "numeric": "031",
    "region": "Asia",
    "subregion": "Western Asia"
  },
  {
    "alpha2": "UG",
    "alpha3": "UGA",
    "name": "Uganda",
    "numeric": "800",
    "region": "Africa",
    "subregion": "Eastern Africa"
  },
  {
    "alpha2": "NE",
    "alpha3": "NER",
    "name": "Niger",
    "numeric": "562",
    "region": "Africa",
    "subregion": "Western Africa"
  },
  {
    "alpha2": "CX",
    "alpha3": "CXR",
    "name": "Christmas Island",
    "numeric": "162",
    "region": "Oceania",
    "subregion": "Australia and New Zealand"
  },
  {
    "alpha2": "MM",
    "alpha3": "MMR",
    "name": "Myanmar",
    "numeric": "104",
    "region": "Asia",
    "subregion": "South-Eastern Asia"
  },
  {
    "alpha2": "PL",
    "alpha3": "POL",
    "name": "Poland",
    "numeric": "616",
    "region": "Europe",
    "subregion": "Central Europe"
  },
  {
    "alpha2": "JO",
    "alpha3": "JOR",
    "name": "Jordan",
    "numeric": "400",
    "region": "Asia",
    "subregion": "Western Asia"
  },
  {
    "alpha2": "HK",
    "alpha3": "HKG",
    "name": "Hong Kong",
    "numeric": "344",
    "region": "Asia",
    "subregion": "Eastern Asia"
  },
  {
    "alpha2": "CD",
    "alpha3": "COD",
    "name": "DR Congo",
    "numeric": "180",
    "region": "Africa",
    "subregion": "Middle Africa"
  },
  {
    "alpha2": "ER",
    "alpha3": "ERI",
    "name": "Eritrea",
    "numeric": "232",
    "region": "Africa",
    "subregion": "Eastern Africa"
  },
  {
    "alpha2": "KI",
    "alpha3": "KIR",
    "name": "Kiribati",
    "numeric": "296",
    "region": "Oceania",
    "subregion": "Micronesia"
  },
  {
    "alpha2": "MH",
    "alpha3": "MHL",
    "name": "Marshall Islands",
    "numeric": "584",
    "region": "Oceania",
    "subregion": "Micronesia"
  },
  {
    "alpha2": "BF",
    "alpha3": "BFA",
    "name": "Burkina Faso",
    "numeric": "854",
    "region": "Africa",
    "subregion": "Western Africa"
  },
  {
    "alpha2": "ZW",
    "alpha3": "ZWE",
    "name": "Zimbabwe",
    "numeric": "716",
    "region": "Africa",
    "subregion": "Southern Africa"
  },
  {
    "alpha2": "KE",
    "alpha3": "KEN",
    "name": "Kenya",
    "numeric": "404",
    "region": "Africa",
    "subregion": "Eastern Africa"
  },
  {
    "alpha2": "KM",
    "alpha3": "COM",
    "name": "Comoros",
    "numeric": "174",
    "region": "Africa",
    "subregion": "Eastern Africa"
  },
  {
    "alpha2": "GI",
    "alpha3": "GIB",
    "name": "Gibraltar",
    "numeric": "292",
    "region": "Europe",
    "subregion": "Southern Europe"
  },
  {
    "alpha2": "BN",
    "alpha3": "BRN",
    "name": "Brunei",
    "numeric": "096",
    "region": "Asia",
    "subregion": "South-Eastern Asia"
  },
  {
    "alpha2": "SE",
    "alpha3": "SWE",
    "name": "Sweden",
    "numeric": "752",
    "region": "Europe",
    "subregion": "Northern Europe"
  },
  {
    "alpha2": "LS",
    "alpha3": "LSO",
    "name": "Lesotho",
    "numeric": "426",
    "region": "Africa",
    "subregion": "Southern Africa"
  },
  {
    "alpha2": "IM",
    "alpha3": "IMN",
    "name": "Isle of Man",
    "numeric": "833",
    "region": "Europe",
    "subregion": "Northern Europe"
  },
  {
    "alpha2": "FM",
    "alpha3": "FSM",
    "name": "Micronesia",
    "numeric": "583",
    "region": "Oceania",
    "subregion": "Micronesia"
  },
  {
    "alpha2": "TZ",
    "alpha3": "TZA",
    "name": "Tanzania",
    "numeric": "834",
    "region": "Africa",
    "subregion": "Eastern Africa"
  },
  {
    "alpha2": "CV",
    "alpha3": "CPV",
    "name": "Cape Verde",
    "numeric": "132",
    "region": "Africa",
    "subregion": "Western Africa"
  },
  {
    "alpha2": "AF",
    "alpha3": "AFG",
    "name": "Afghanistan",
    "numeric": "004",
    "region": "Asia",
    "subregion": "Southern Asia"
  },
  {
    "alpha2": "AD",
    "alpha3": "AND",
    "name": "Andorra",
    "numeric": "020",
    "region": "Europe",
    "subregion": "Southern Europe"
  },
  {
    "alpha2": "GR",
    "alpha3": "GRC",
    "name": "Greece",
    "numeric": "300",
    "region": "Europe",
    "subregion": "Southern Europe"
  },
  {
    "alpha2": "VN",
    "alpha3": "VNM",
    "name": "Vietnam",
    "numeric": "704",
    "region": "Asia",
    "subregion": "South-Eastern Asia"
  },
  {
    "alpha2": "TF",
    "alpha3": "ATF",
    "name": "French Southern and Antarctic Lands",
    "numeric": "260",
    "region": "Antarctic",
    "subregion": ""
  },
  {
    "alpha2": "IQ",
    "alpha3": "IRQ",
    "name": "Iraq",
    "numeric": "368",
    "region": "Asia",
    "subregion": "Western Asia"
  },
  {
    "alpha2": "LY",
    "alpha3": "LBY",
    "name": "Libya",
    "numeric": "434",
    "region": "Africa",
    "subregion": "Northern Africa"
  },
  {
    "alpha2": "PT",
    "alpha3": "PRT",
    "name": "Portugal",
    "numeric": "620",
    "region": "Europe",
    "subregion": "Southern Europe"
  },
  {
    "alpha2": "PK",
    "alpha3": "PAK",
    "name": "Pakistan",
    "numeric": "586",
    "region": "Asia",
    "subregion": "Southern Asia"
  },
  {
    "alpha2": "MV",
    "alpha3": "MDV",
    "name": "Maldives",
    "numeric": "462",
    "region": "Asia",
    "subregion": "Southern Asia"
  },
  {
    "alpha2": "MA",
    "alpha3": "MAR",
    "name": "Morocco",
    "numeric": "504",
    "region": "Africa",
    "subregion": "Northern Africa"
  },
  {
    "alpha2": "BA",
    "alpha3": "BIH",
    "name": "Bosnia and Herzegovina",
    "numeric": "070",
    "region": "Europe",
    "subregion": "Southeast Europe"
  },
  {
    "alpha2": "WS",
    "alpha3": "WSM",
    "name": "Samoa",
    "numeric": "882",
    "region": "Oceania",
    "subregion": "Polynesia"
  },
  {
    "alpha2": "PS",
    "alpha3": "PSE",
    "name": "Palestine",
    "numeric": "275",
    "region": "Asia",
    "subregion": "Western Asia"
  },
  {
    "alpha2": "OM",
    "alpha3": "OMN",
    "name": "Oman",
    "numeric": "512",
    "region": "Asia",
    "subregion": "Western Asia"
  },
  {
    "alpha2": "BH",
    "alpha3": "BHR",
    "name": "Bahrain",
    "numeric": "048",
    "region": "Asia",
    "subregion": "Western Asia"
  },
  {
    "alpha2": "US",
    "alpha3": "USA",
    "name": "United States",
    "numeric": "840",
    "region": "Americas",
    "subregion": "North America"
  },
  {
    "alpha2": "PR",
    "alpha3": "PRI",
    "name": "Puerto Rico",
    "numeric": "630",
    "region": "Americas",
    "subregion": "Caribbean"
  },
  {
    "alpha2": "IO",
    "alpha3": "IOT",
    "name": "British Indian Ocean Territory",
    "numeric": "086",
    "region": "Africa",
    "subregion": "Eastern Africa"
  },
  {
    "alpha2": "JE",
    "alpha3": "JEY",
    "name": "Jersey",
    "numeric": "832",
    "region": "Europe",
    "subregion": "Northern Europe"
  },
  {
    "alpha2": "MK",
    "alpha3": "MKD",
    "name": "North Macedonia",
    "numeric": "807",
    "region": "Europe",
    "subregion": "Southeast Europe"
  },
  {
    "alpha2": "TN",
    "alpha3": "TUN",
    "name": "Tunisia",
    "numeric": "788",
    "region": "Africa",
    "subregion": "Northern Africa"
  },
  {
    "alpha2": "TT",
    "alpha3": "TTO",
    "name": "Trinidad and Tobago",
    "numeric": "780",
    "region": "Americas",
    "subregion": "Caribbean"
  },
  {
    "alpha2": "EE",
    "alpha3": "EST",
    "name": "Estonia",
    "numeric": "233",
    "region": "Europe",
    "subregion": "Northern Europe"
  },
  {
    "alpha2": "SG",
    "alpha3": "SGP",
    "name": "Singapore",
    "numeric": "702",
    "region": "Asia",
    "subregion": "South-Eastern Asia"
  },
  {
    "alpha2": "PA",
    "alpha3": "PAN",
    "name": "Panama",
    "numeric": "591",
    "region": "Americas",
    "subregion": "Central America"
  },
  {
    "alpha2": "CH",
    "alpha3": "CHE",
    "name": "Switzerland",
    "numeric": "756",
    "region": "Europe",
    "subregion": "Western Europe"
  },
  {
    "alpha2": "UY",
    "alpha3": "URY",
    "name": "Uruguay",
    "numeric": "858",
    "region": "Americas",
    "subregion": "South America"
  },
  {
    "alpha2": "TJ",
    "alpha3": "TJK",
    "name": "Tajikistan",
    "numeric": "762",
    "region": "Asia",
    "subregion": "Central Asia"
  },
  {
    "alpha2": "TW",
    "alpha3": "TWN",
    "name": "Taiwan",
    "numeric": "158",
    "region": "Asia",
    "subregion": "Eastern Asia"
  },
  {
    "alpha2": "ZA",
    "alpha3": "ZAF",
    "name": "South Africa",
    "numeric": "710",
    "region": "Africa",
    "subregion": "Southern Africa"
  },
  {
    "alpha2": "LI",
    "alpha3": "LIE",
    "name": "Liechtenstein",
    "numeric": "438",
    "region": "Europe",
    "subregion": "Western Europe"
  },
  {
    "alpha2": "BR",
    "alpha3": "BRA",
    "name": "Brazil",
    "numeric": "076",
    "region": "Americas",
    "subregion": "South America"
  },
  {
    "alpha2": "AM",
    "alpha3": "ARM",
    "name": "Armenia",
    "numeric": "051",
    "region": "Asia",
    "subregion": "Western Asia"
  },
  {
    "alpha2": "GE",
    "alpha3": "GEO",
    "name": "Georgia",
    "numeric": "268",
    "region": "Asia",
    "subregion": "Western Asia"
  },
  {
    "alpha2": "AX",
    "alpha3": "ALA",
    "name": "Åland Islands",
    "numeric": "248",
    "region": "Europe",
    "subregion": "Northern Europe"
  },
  {
    "alpha2": "QA",
    "alpha3": "QAT",
    "name": "Qatar",
    "numeric": "634",
    "region": "Asia",
    "subregion": "Western Asia"
  },
  {
    "alpha2": "DM",
    "alpha3": "DMA",
    "name": "Dominica",
    "numeric": "212",
    "region": "Americas",
    "subregion": "Caribbean"
  },
  {
    "alpha2": "UA",
    "alpha3": "UKR",
    "name": "Ukraine",
    "numeric": "804",
    "region": "Europe",
    "subregion": "Eastern Europe"
  },
  {
    "alpha2": "GN",
    "alpha3": "GIN",
    "name": "Guinea",
    "numeric": "324",
    "region": "Africa",
    "subregion": "Western Africa"
  },
  {
    "alpha2": "MO",
    "alpha3": "MAC",
    "name": "Macau",
    "numeric": "446",
    "region": "Asia",
    "subregion": "Eastern Asia"
  },
  {
    "alpha2": "EH",
    "alpha3": "ESH",
    "name": "Western Sahara",
    "numeric": "732",
    "region": "Africa",
    "subregion": "Northern Africa"
  },
  {
    "alpha2": "CZ",
    "alpha3": "CZE",
    "name": "Czechia",
    "numeric": "203",
    "region": "Europe",
    "subregion": "Central Europe"
  },
  {
    "alpha2": "AT",
    "alpha3": "AUT",
    "name": "Austria",
    "numeric": "040",
    "region": "Europe",
    "subregion": "Central Europe"
  },
  {
    "alpha2": "KN",
    "alpha3": "KNA",
    "name": "Saint Kitts and Nevis",
    "numeric": "659",
    "region": "Americas",
    "subregion": "Caribbean"
  },
  {
    "alpha2": "LC",
    "alpha3": "LCA",
    "name": "Saint Lucia",
    "numeric": "662",
    "region": "Americas",
    "subregion": "Caribbean"
  },
  {
    "alpha2": "YE",
    "alpha3": "YEM",
    "name": "Yemen",
    "numeric": "887",
    "region": "Asia",
    "subregion": "Western Asia"
  },
  {
    "alpha2": "RW",
    "alpha3": "RWA",
    "name": "Rwanda",
    "numeric": "646",
    "region": "Africa",
    "subregion": "Eastern Africa"
  },
  {
    "alpha2": "MC",
    "alpha3": "MCO",
    "name": "Monaco",
    "numeric": "492",
    "region": "Europe",
    "subregion": "Western Europe"
  },
  {
    "alpha2": "ST",
    "alpha3": "STP",
    "name": "São Tomé and Príncipe",
    "numeric": "678",
    "region": "Africa",
    "subregion": "Middle Africa"
  },
  {
    "alpha2": "CG",
    "alpha3": "COG",
    "name": "Republic of the Congo",
    "numeric": "178",
    "region": "Africa",
    "subregion": "Middle Africa"
  },
  {
    "alpha2": "PY",
    "alpha3": "PRY",
    "name": "Paraguay",
    "numeric": "600",
    "region": "Americas",
    "subregion": "South America"
  },
  {
    "alpha2": "BV",
    "alpha3": "BVT",
    "name": "Bouvet Island",
    "numeric": "074",
    "region": "Antarctic",
    "subregion": ""
  },
  {
    "alpha2": "MZ",
    "alpha3": "MOZ",
    "name": "Mozambique",
    "numeric": "508",
    "region": "Africa",
    "subregion": "Eastern Africa"
  },
  {
    "alpha2": "FR",
    "alpha3": "FRA",
    "name": "France",
    "numeric": "250",
    "region": "Europe",
    "subregion": "Western Europe"
  },
  {
    "alpha2": "SZ",
    "alpha3": "SWZ",
    "name": "Eswatini",
    "numeric": "748",
    "region": "Africa",
    "subregion": "Southern Africa"
  },
  {
    "alpha2": "BB",
    "alpha3": "BRB",
    "name": "Barbados",
    "numeric": "052",
    "region": "Americas",
    "subregion": "Caribbean"
  },
  {
    "alpha2": "ES",
    "alpha3": "ESP",
    "name": "Spain",
    "numeric": "724",
    "region": "Europe",
    "subregion": "Southern Europe"
  },
  {
    "alpha2": "TH",
    "alpha3": "THA",
    "name": "Thailand",
    "numeric": "764",
    "region": "Asia",
    "subregion": "South-Eastern Asia"
  },
  {
    "alpha2": "GW",
    "alpha3": "GNB",
    "name": "Guinea-Bissau",
    "numeric": "624",
    "region": "Africa",
    "subregion": "Western Africa"
  },
  {
    "alpha2": "AO",
    "alpha3": "AGO",
    "name": "Angola",
    "numeric": "024",
    "region": "Africa",
    "subregion": "Middle Africa"
  },
  {
    "alpha2": "IN",
    "alpha3": "IND",
    "name": "India",
    "numeric": "356",
    "region": "Asia",
    "subregion": "Southern Asia"
  },
  {
    "alpha2": "MQ",
    "alpha3": "MTQ",
    "name": "Martinique",
    "numeric": "474",
    "region": "Americas",
    "subregion": "Caribbean"
  },
  {
    "alpha2": "NC",
    "alpha3": "NCL",
    "name": "New Caledonia",
    "numeric": "540",
    "region": "Oceania",
    "subregion": "Melanesia"
  },
  {
    "alpha2": "SC",
    "alpha3": "SYC",
    "name": "Seychelles",
    "numeric": "690",
    "region": "Africa",
    "subregion": "Eastern Africa"
  },
  {
    "alpha2": "FK",
    "alpha3": "FLK",
    "name": "Falkland Islands",
    "numeric": "238",
    "region": "Americas",
    "subregion": "South America"
  },
  {
    "alpha2": "GB",
    "alpha3": "GBR",
    "name": "United Kingdom",
    "numeric": "826",
    "region": "Europe",
    "subregion": "Northern Europe"
  },
  {
    "alpha2": "FJ",
    "alpha3": "FJI",
    "name": "Fiji",
    "numeric": "242",
    "region": "Oceania",
    "subregion": "Melanesia"
  },
  {
    "alpha2": "SM",
    "alpha3": "SMR",
    "name": "San Marino",
    "numeric": "674",
    "region": "Europe",
    "subregion": "Southern Europe"
  },
  {
    "alpha2": "ML",
    "alpha3": "MLI",
    "name": "Mali",
    "numeric": "466",
    "region": "Africa",
    "subregion": "Western Africa"
  },
  {
    "alpha2": "CA",
    "alpha3": "CAN",
    "name": "Canada",
    "numeric": "124",
    "region": "Americas",
    "subregion": "North America"
  },
  {
    "alpha2": "JM",
    "alpha3": "JAM",
    "name": "Jamaica",
    "numeric": "388",
    "region": "Americas",
    "subregion": "Caribbean"
  },
  {
    "alpha2": "NR",
    "alpha3": "NRU",
    "name": "Nauru",
    "numeric": "520",
    "region": "Oceania",
    "subregion": "Micronesia"
  },
  {
    "alpha2": "ID",
    "alpha3": "IDN",
    "name": "Indonesia",
    "numeric": "360",
    "region": "Asia",
    "subregion": "South-Eastern Asia"
  },
  {
    "alpha2": "GU",
    "alpha3": "GUM",
    "name": "Guam",
    "numeric": "316",
    "region": "Oceania",
    "subregion": "Micronesia"
  },
  {
    "alpha2": "CI",
    "alpha3": "CIV",
    "name": "Ivory Coast",
    "numeric": "384",
    "region": "Africa",
    "subregion": "Western Africa"
  },
  {
    "alpha2": "KW",
    "alpha3": "KWT",
    "name": "Kuwait",
    "numeric": "414",
    "region": "Asia",
    "subregion": "Western Asia"
  },
  {
    "alpha2": "PH",
    "alpha3": "PHL",
    "name": "Philippines",
    "numeric": "608",
    "region": "Asia",
    "subregion": "South-Eastern Asia"
  },
  {
    "alpha2": "GY",
    "alpha3": "GUY",
    "name": "Guyana",
    "numeric": "328",
    "region": "Americas",
    "subregion": "South America"
  },
  {
    "alpha2": "HU",
    "alpha3": "HUN",
    "name": "Hungary",
    "numeric": "348",
    "region": "Europe",
    "subregion": "Central Europe"
  },
  {
    "alpha2": "MX",
    "alpha3": "MEX",
    "name": "Mexico",
    "numeric": "484",
    "region": "Americas",
    "subregion": "North America"
  },
  {
    "alpha2": "KP",
    "alpha3": "PRK",
    "name": "North Korea",
    "numeric": "408",
    "region": "Asia",
    "subregion": "Eastern Asia"
  },
  {
    "alpha2": "RO",
    "alpha3": "ROU",
    "name": "Romania",
    "numeric": "642",
    "region": "Europe",
    "subregion": "Southeast Europe"
  },
  {
    "alpha2": "SR",
    "alpha3": "SUR",
    "name": "Suriname",
    "numeric": "740",
    "region": "Americas",
    "subregion": "South America"
  },
  {
    "alpha2": "AS",
    "alpha3": "ASM",
    "name": "American Samoa",
    "numeric": "016",
    "region": "Oceania",
    "subregion": "Polynesia"
  },
  {
    "alpha2": "NP",
    "alpha3": "NPL",
    "name": "Nepal",
    "numeric": "524",
    "region": "Asia",
    "subregion": "Southern Asia"
  },
  {
    "alpha2": "TD",
    "alpha3": "TCD",
    "name": "Chad",
    "numeric": "148",
    "region": "Africa",
    "subregion": "Middle Africa"
  },
  {
    "alpha2": "RS",
    "alpha3": "SRB",
    "name": "Serbia",
    "numeric": "688",
    "region": "Europe",
    "subregion": "Southeast Europe"
  },
  {
    "alpha2": "KH",
    "alpha3": "KHM",
    "name": "Cambodia",
    "numeric": "116",
    "region": "Asia",
    "subregion": "South-Eastern Asia"
  },
  {
    "alpha2": "MY",
    "alpha3": "MYS",
    "name": "Malaysia",
    "numeric": "458",
    "region": "Asia",
    "subregion": "South-Eastern Asia"
  },
  {
    "alpha2": "CY",
    "alpha3": "CYP",
    "name": "Cyprus",
    "numeric": "196",
    "region": "Europe",
    "subregion": "Southern Europe"
  }
]